cdatetime,address,district,beat,grid,crimedescr,ucr_ncic_code,latitude,longitude
1/1/06 0:00,3108 OCCIDENTAL DR,3,3C        ,1115,10851(A)VC TAKE VEH W/O OWNER,2404,38.55042047,-121.3914158
1/1/06 0:00,2082 EXPEDITION WAY,5,5A        ,1512,459 PC  BURGLARY RESIDENCE,2204,38.47350069,-121.4901858
1/1/06 0:00,4 PALEN CT,2,2A        ,212,10851(A)VC TAKE VEH W/O OWNER,2404,38.65784584,-121.4621009
1/1/06 0:00,22 BECKFORD CT,6,6C        ,1443,476 PC PASS FICTICIOUS CHECK,2501,38.50677377,-121.4269508
1/1/06 0:00,3421 AUBURN BLVD,2,2A        ,508,459 PC  BURGLARY-UNSPECIFIED,2299,38.6374478,-121.3846125
1/1/06 0:00,5301 BONNIEMAE WAY,6,6B        ,1084,530.5 PC USE PERSONAL ID INFO,2604,38.52697863,-121.4513383
1/1/06 0:00,2217 16TH AVE,4,4A        ,957,459 PC  BURGLARY VEHICLE,2299,38.537173,-121.4875774
1/1/06 0:00,3547 P ST,3,3C        ,853,484 PC   PETTY THEFT/INSIDE,2308,38.56433456,-121.4618826
1/1/06 0:00,3421 AUBURN BLVD,2,2A        ,508,459 PC  BURGLARY BUSINESS,2203,38.6374478,-121.3846125
1/1/06 0:00,1326 HELMSMAN WAY,1,1B        ,444,1708 US   THEFT OF MAIL,2310,38.60960217,-121.4918375
1/1/06 0:00,2315 STOCKTON BLVD,6,6B        ,1005,ASSAULT WITH WEAPON - I RPT,7000,38.55426406,-121.4546045
1/1/06 0:00,5112 63RD ST,6,6B        ,1088,530.5 PC USE PERSONAL ID INFO,2604,38.52816497,-121.4314528
1/1/06 0:00,6351 DRIFTWOOD ST,4,4C        ,1261,SUSP PERS-NO CRIME - I RPT,7000,38.51092155,-121.5488201
1/1/06 0:00,7721 COLLEGE TOWN DR,3,3C        ,888,530.5 PC USE PERSONAL ID INFO,2604,38.55611545,-121.4142729
1/1/06 0:00,8460 ROVANA CIR,6,6C        ,1447,484G(B) PC ACCESS CARD FRAUD,2605,38.50398051,-121.3923987
1/1/06 0:00,4856 11TH AVE,6,6B        ,1054,487(A) PC GRAND THEFT,2303,38.54152896,-121.4495097
1/1/06 0:00,6033 69TH ST,6,6C        ,1403,TELEPEST -I RPT,7000,38.51657327,-121.4234749
1/1/06 0:00,547 L ST,3,3M        ,742,487(A) GRAND THEFT-INSIDE,2308,38.58184562,-121.5011657
1/1/06 0:00,3525 42ND ST,6,6A        ,1034,530.5 PC USE PERSONAL ID INFO,2604,38.54270763,-121.4572067
1/1/06 0:00,5641 DORSET WAY,4,4C        ,1225,484J PC PUBLISH CARD INFO,2605,38.52459987,-121.5203609
1/1/06 0:01,5551 REXLEIGH CT,5,5C        ,1661,459 PC  BURGLARY VEHICLE,2299,38.44659211,-121.4423777
1/1/06 0:01,1896 ARDEN WAY,2,2C        ,628,484G(B) PC ACCESS CARD FRAUD,2605,38.59664183,-121.423349
1/1/06 0:01,6168 RIVERSIDE BLVD,4,4C        ,1251,484 PC PETTY THEFT,2399,38.51512387,-121.5291027
1/1/06 0:01,415 SEXTANT WAY,2,2A        ,213,459 PC  BURGLARY VEHICLE,2299,38.65660112,-121.4560449
1/1/06 0:01,15 BASIN CT,5,5C        ,1654,TRAFFIC - I RPT,7000,38.44281523,-121.4095243
1/1/06 0:01,3340 62ND ST,6,6B        ,1047,594(B)(1)PC  VANDALISM +$400,2999,38.5438039,-121.4332827
1/1/06 0:01,4280 DEER HILL DR,5,5B        ,1616,484G(B) PC ACCESS CARD FRAUD,2605,38.47121906,-121.4547389
1/1/06 0:01,2814 5TH ST,4,4A        ,923,484 PC  PETTY THEFT/ OUTSIDE,2309,38.5564521,-121.5123309
1/1/06 0:01,1816 FLORIN RD,5,5A        ,1361,HARASSMENT - I RPT,7000,38.49535335,-121.4965602
1/1/06 0:01,1260 BELL AVE,2,2A        ,235,484 PC PETTY THEFT,2399,38.64717373,-121.4375169
1/1/06 0:01,7676 BRIDGEVIEW DR,4,4C        ,1294,LOST PROPERTY - I RPT,7000,38.47889498,-121.5354477
1/1/06 0:01,3816 CYPRESS ST,2,2A        ,503,459 PC  BURGLARY RESIDENCE,2204,38.63734742,-121.444642
1/1/06 0:01,1211 23RD ST,3,3B        ,747,484G(A)PC USE FORGED CARD,2605,38.57289613,-121.4767958
1/1/06 0:01,7001 EAST PKWY,6,6C        ,1427,503 PC   EMBEZZLEMENT,2799,38.51436734,-121.3854286
1/1/06 0:01,918 LAKE FRONT DR,4,4C        ,1294,TELEPEST -I RPT,7000,38.47948616,-121.5215057
1/1/06 0:01,4851 KOKOMO DR,1,1A        ,123,487(A) GRAND THEFT-INSIDE,2308,38.65994218,-121.5259008
1/1/06 0:01,2377 OAK HARBOUR DR,1,1B        ,440,653M(A) PC OBSCENE/THREAT CALL,5309,38.60893745,-121.5187927
1/1/06 0:01,1823 P ST,3,3B        ,766,484 PETTY THEFT/LICENSE PLATE,2399,38.57084621,-121.484429
1/1/06 0:01,1100 14TH ST,3,3M        ,745,FOUND PROPERTY - I RPT,7000,38.57815667,-121.4876958
1/1/06 0:01,3301 ARENA BLVD,1,1A        ,303,530.5 PC USE PERSONAL ID INFO,2604,38.64378844,-121.5341593
1/1/06 0:01,1088 PREGO WAY,1,1B        ,404,530.5 PC USE PERSONAL ID INFO,2604,38.62798948,-121.4857344
1/1/06 0:01,3259 SPINNING ROD WAY,1,1B        ,475,484J PC PUBLISH CARD INFO,2605,38.61153542,-121.5370613
1/1/06 0:01,1010 J ST,3,3M        ,744,THREATS - I RPT,7000,38.57999251,-121.4930384
1/1/06 0:01,400 BANNON ST,3,3A        ,704,530 PC FALSE PERS. REC PROP,2604,38.59540732,-121.4978798
1/1/06 0:10,6115 63RD ST,6,6B        ,1421,246 PC SHOOT OCCUP DWELL/VEH,5213,38.51526387,-121.4296507
1/1/06 0:15,47 FIRE LEAF CT,2,2A        ,212,10851(A)VC TAKE VEH W/O OWNER,2404,38.65737252,-121.4577585
1/1/06 0:18,5140 61ST ST,6,6B        ,1087,SHOOT INTO OCCUP DWELL - I RPT,7000,38.52799185,-121.434789
1/1/06 0:19,1814 19TH ST,3,3A        ,776,FOUND PROPERTY - I RPT,7000,38.56796664,-121.4852542
1/1/06 0:24,6940 27TH ST,4,4B        ,1356,243(E)1 BATTERY NONCOHAB SPOUS,1315,38.50009398,-121.4776262
1/1/06 0:25,3820 65TH ST,6,6B        ,1058,MISCELLANEOUS I RPT (ZMISC),7000,38.54138742,-121.4282497
1/1/06 0:27,2829 FLORIN RD,4,4B        ,1356,TOWED/STORED VEH-14602.6,7000,38.49609085,-121.4740915
1/1/06 0:30,1080 APPOLLO WAY,4,4A        ,1203,10851(A)VC TAKE VEH W/O OWNER,2404,38.52973955,-121.5195294
1/1/06 0:30,6571 WEATHERFORD WAY,5,5C        ,1635,10851(A)VC TAKE VEH W/O OWNER,2404,38.46637324,-121.4265274
1/1/06 0:30,930 43RD AVE,4,4C        ,1253,10851(A)VC TAKE VEH W/O OWNER,2404,38.51538948,-121.5255605
1/1/06 0:31,2830 E ST,3,3B        ,728,211 PC ROBBERY- BUSINESS,1299,38.57905906,-121.4661967
1/1/06 0:36,NORTHGATE BLVD / W SILVER EAGLE RD,1,1C        ,419,CASUALTY REPORT,7000,38.63036289,-121.4755269
1/1/06 0:36,6665 STOCKTON BLVD,6,6C        ,1441,459 PC  BURGLARY BUSINESS,2203,38.50632179,-121.4333041
1/1/06 0:39,7811 DEER MEADOW DR,5,5B        ,1616,246 PC SHOOT OCCUP DWELL/VEH,5213,38.47400047,-121.4581933
1/1/06 0:40,3RD ST / O ST,3,3A        ,762,23152(A) VC DUI-ALCOHOL/DRUGS,5404,38.57724403,-121.5051437
1/1/06 0:46,27TH ST / J ST,3,3B        ,738,TRAFFIC-ACCIDENT INJURY,5400,38.57419952,-121.470553
1/1/06 0:55,8TH ST / L ST,3,3M        ,742,DUI I RPT,7000,38.57881567,-121.4970836
1/1/06 1:00,7850 COLLEGE TOWN DR,3,3C        ,888,484 PETTY THEFT/LICENSE PLATE,2399,38.55456463,-121.4106138
1/1/06 1:00,63RD ST / JANSEN DR,6,6B        ,1402,23152(A) VC DUI-ALCOHOL/DRUGS,5404,38.52199211,-121.4309007
1/1/06 1:00,11 ALCANON CT,1,1B        ,353,459 PC  BURGLARY VEHICLE,2299,38.62453557,-121.5264198
1/1/06 1:00,TRUXEL RD / SAGINAW CIR,1,1B        ,414,10851(A)VC TAKE VEH W/O OWNER,2404,38.62504428,-121.4978986
1/1/06 1:00,2600 N ST,3,3B        ,768,459 PC  BURGLARY VEHICLE,2299,38.56984785,-121.4737052
1/1/06 1:06,4740 BECKET WAY,5,5B        ,1631,459 PC  BURGLARY RESIDENCE,2204,38.46518116,-121.4461653
1/1/06 1:30,CALVINE RD / CENTER PKWY,5,5C        ,1645,243(D) PC BATT/CIVILIAN W/INJ,1315,38.4497213,-121.4258719
1/1/06 1:30,6625 VALLEY HI DR,5,5C        ,1623,10851(A)VC TAKE VEH W/O OWNER,2404,38.47143667,-121.427615
1/1/06 1:51,RAINBOW AVE / HOWE AVE,2,2C        ,558,246.3 PC NEGL DISCH FIREARM,5213,38.61972226,-121.4152799
1/1/06 2:00,2500 FLORIN RD,5,5A        ,1363,487(A) PC GRAND THEFT,2303,38.49570962,-121.477826
1/1/06 2:09,3012 ALBATROSS WAY,2,2C        ,567,CASUALTY REPORT,7000,38.62070956,-121.4226958
1/1/06 2:10,1426 BREWERTON DR,1,1B        ,435,246 PC SHOOT OCCUP DWELL/VEH,5213,38.61488957,-121.4934272
1/1/06 2:14,FRONT ST / K ST,3,3M        ,741,LOST PROPERTY - I RPT,7000,38.58239328,-121.5059336
1/1/06 2:30,3807 24TH AVE,6,6A        ,1071,CASUALTY REPORT,7000,38.53116122,-121.4661214
1/1/06 2:40,EMPRESS ST / ARDEN WAY,2,2C        ,603,11351.5 HS POSS SALE RCK COCAI,3532,38.60641085,-121.4473501
1/1/06 2:40,1415 L ST,3,3M        ,745,211 PC  ROBBERY UNSPECIFIED,1299,38.57682477,-121.4882896
1/1/06 2:47,2737 SCREECH OWL WAY,1,1A        ,344,594(B)(2)(A) VANDALISM/ -$400,2999,38.63207451,-121.5287747
1/1/06 2:54,1900 CANTERBURY RD,2,2C        ,613,243(E)1 BATTERY NONCOHAB SPOUS,1315,38.60108154,-121.456171
1/1/06 3:00,7769 AMHERST ST,5,5A        ,1501,10851(A)VC TAKE VEH W/O OWNER,2404,38.47489873,-121.4996944
1/1/06 3:00,100 ROCKMONT CIR,1,1A        ,103,594(B)(2)(A) VANDALISM/ -$400,2999,38.67510292,-121.5226753
1/1/06 3:28,8032 TORRENTE WAY,5,5B        ,1618,459 PC  BURGLARY RESIDENCE,2204,38.46594742,-121.4513773
1/1/06 3:30,POWER INN RD / ELDER CREEK RD,6,6C        ,1406,TRAFFIC-ACCIDENT-NON INJURY,5400,38.51055016,-121.409083
1/1/06 3:52,1125 ALHAMBRA BLVD,3,3C        ,841,475(C) PASS FORGED NOTE,2506,38.570664,-121.465448
1/1/06 4:00,4128 NORWOOD AVE,2,2A        ,233,245(A)(2) AWDW/FIREARM/CIVILIA,1315,38.6432324,-121.4563115
1/1/06 4:00,HONOR PKWY / REGENCY PARK CIR,1,1A        ,106,11377(A)HS POSS AMPHETAMINES,3572,38.67318557,-121.5035491
1/1/06 4:00,3 CLOE CT,1,1A        ,115,487(A) GRAND THEFT-INSIDE,2308,38.66695301,-121.5088707
1/1/06 4:00,8454 COEBURN ST,5,5C        ,1644,459 PC  BURGLARY VEHICLE,2299,38.45025842,-121.443044
1/1/06 4:00,5620 34TH AVE,6,6B        ,1401,459 PC  BURGLARY VEHICLE,2299,38.52337984,-121.4378491
1/1/06 4:15,BROADWAY / 16TH ST,4,4A        ,906,TRAFFIC-ACCIDENT-NON INJURY,5400,38.56159185,-121.4923822
1/1/06 4:15,1414 43RD ST,3,3C        ,844,484 PC   PETTY THEFT/INSIDE,2308,38.56438552,-121.4516767
1/1/06 4:20,FLORIN RD / MUNSON WAY,5,5B        ,1359,TOWED/STORED VEH-14602.6,7000,38.49603233,-121.4619674
1/1/06 4:30,1 CLAUSS CT,6,6B        ,1084,10851(A)VC TAKE VEH W/O OWNER,2404,38.52967087,-121.4469794
1/1/06 5:14,MACK RD / CENTER PKWY,5,5B        ,1606,20002(A) HIT/RUN,5401,38.47425283,-121.4368769
1/1/06 5:22,1426 I ST,3,3M        ,735,5150 WI DANGER SELF/OTHERS,7000,38.57941421,-121.4864344
1/1/06 6:00,MACK RD / CENTER PKWY,5,5B        ,1606,TOWED/STORED VEHICLE,7000,38.47425283,-121.4368769
1/1/06 6:00,1236 EL ENCANTO WAY,4,4C        ,1278,487(A) PC GRAND THEFT,2303,38.49714012,-121.5136898
1/1/06 6:10,2801 L ST,3,3B        ,748,IMPOUNDED VEHICLE,7000,38.57201606,-121.4692575
1/1/06 6:27,2884 DEL PASO BLVD,2,2B        ,564,10851(A)VC TAKE VEH W/O OWNER,2404,38.61859754,-121.4382569
1/1/06 6:46,J ST / 29TH ST,3,3B        ,738,20002(A) HIT/RUN,5401,38.57348427,-121.4678719
1/1/06 7:00,2518 HAWTHORNE ST,2,2B        ,551,459 PC  BURGLARY RESIDENCE,2204,38.61197962,-121.4578062
1/1/06 7:20,AZEVEDO DR / YARWOOD WAY,1,1B        ,411,PERSON INFORMATION - I RPT,7000,38.62099831,-121.5104473
1/1/06 7:30,6021 WILKINSON ST,6,6C        ,1404,653M(B) PC ANNOY/RPT CALL HOME,5307,38.51755951,-121.4142712
1/1/06 7:45,1200 ROANOKE AVE,2,2A        ,514,459 PC  BURGLARY VEHICLE,2299,38.63465784,-121.4392401
1/1/06 7:46,RIO LINDA BLVD / MAIN AVE,2,2A        ,224,20002(A) HIT/RUN,5401,38.65509277,-121.4477394
1/1/06 7:55,398 FLORIN RD,4,4C        ,1259,211 PC ROBBERY- BUSINESS,1299,38.5076709,-121.5412748
1/1/06 7:55,525 EXCHANGE ST,2,2A        ,213,CASUALTY REPORT,7000,38.65966202,-121.4535351
1/1/06 8:00,535 LAMPASAS AVE,2,2B        ,552,594(B)(2)(A) VANDALISM/ -$400,2999,38.61499077,-121.4534714
1/1/06 8:00,12 GRAND CANYON CT,1,1A        ,136,LOST PROPERTY - I RPT,7000,38.65699142,-121.5038615
1/1/06 8:00,3709 PRESIDIO ST,2,2A        ,516,LOST PROPERTY - I RPT,7000,38.63500106,-121.4213652
1/1/06 8:00,FLORIN RD / FRANKLIN BLVD,5,5B        ,1359,LOST PROPERTY - I RPT,7000,38.49601155,-121.4592772
1/1/06 8:00,3615 33RD ST,6,6A        ,1041,484J PC PUBLISH CARD INFO,2605,38.54182394,-121.4709505
1/1/06 8:00,2324 NORTH AVE,2,2A        ,237,LOST PROPERTY - I RPT,7000,38.63963285,-121.4130509
1/1/06 8:00,2800 CHATEAU MONTELENA WAY,1,1A        ,333,530 PC FALSE PERS. REC PROP,2604,38.63351404,-121.5282646
1/1/06 8:00,1820 FRIENZA AVE,2,2C        ,568,459 PC  BURGLARY BUSINESS,2203,38.61199425,-121.4244182
1/1/06 8:00,2230 J ST,3,3B        ,747,1708 US   THEFT OF MAIL,2310,38.57546355,-121.4761823
1/1/06 8:00,6581 HARMON DR,4,4C        ,1252,LOST PROPERTY - I RPT,7000,38.50771305,-121.5534498
1/1/06 8:00,6054 RIVERSIDE BLVD,4,4C        ,1251,530.5 PC USE PERSONAL ID INFO,2604,38.51617367,-121.5286379
1/1/06 8:00,1545 RIVER PARK DR,2,2C        ,626,484 PETTY THEFT CLOUT UNLOCKED,2305,38.60088271,-121.4352821
1/1/06 8:00,1287 TRAIL END WAY,1,1B        ,403,484G(B) PC ACCESS CARD FRAUD,2605,38.63244741,-121.4903723
1/1/06 8:00,2215 BORONA WAY,1,1B        ,410,530 PC FALSE PERS. REC PROP,2604,38.62275946,-121.513946
1/1/06 8:00,6 SHELTER POINT CT,4,4C        ,1262,TELEPEST -I RPT,7000,38.51110856,-121.5343434
1/1/06 8:00,970 FRIENZA AVE,2,2B        ,564,SUSP PERS-NO CRIME - I RPT,7000,38.61286644,-121.4444547
1/1/06 8:00,1631 W EL CAMINO AVE,1,1B        ,434,530 PC FALSE PERS. REC PROP,2604,38.61301252,-121.4993798
1/1/06 8:05,SWEET PEA WAY / SHADY ARBOR CT,1,1B        ,473,10851 VC AUTO THEFT LOCATE,2404,38.60758365,-121.5411045
1/1/06 8:57,RIO LINDA BLVD / MAIN AVE,2,2A        ,224,TOWED/STORED VEHICLE,7000,38.65509277,-121.4477394
1/1/06 9:00,5878 KAHARA CT,4,4C        ,1225,653M(B) PC ANNOY/RPT CALL HOME,5307,38.5206653,-121.515833
1/1/06 9:15,18 GODELLO CT,1,1B        ,353,242 PC  BATTERY CIVILIAN,1313,38.62749128,-121.528707
1/1/06 9:15,7850 COLLEGE TOWN DR,3,3C        ,888,11377(A)HS POSS AMPHETAMINES,3572,38.55456463,-121.4106138
1/1/06 9:30,4947 KOKOMO DR,1,1A        ,123,TOWED/STORED VEHICLE,7000,38.66227019,-121.5291389
1/1/06 9:45,HOWE AVE / AMERICAN RIVER DR,3,3C        ,877,TOWED/STORED VEHICLE,7000,38.5695415,-121.409084
1/1/06 9:53,4650 NATOMAS BLVD,1,1A        ,145,506 PC EMBEZZLEMENT/CONTRACTOR,2799,38.65731154,-121.5119979
1/1/06 10:00,3724 SAN CARLOS WAY,6,6A        ,1042,MISSING PERSON I RPT,7000,38.54072015,-121.4620361
1/1/06 10:00,4410 CRESTWOOD WAY,4,4A        ,1205,BURGLARY - I RPT,7000,38.53437911,-121.5068742
1/1/06 10:00,1500 TESSA AVE,2,2B        ,546,TOWED/STORED VEHICLE,7000,38.62194039,-121.431713
1/1/06 10:00,7500 HOSPITAL DR,5,5C        ,1639,THREATS - I RPT,7000,38.46337225,-121.4161718
1/1/06 10:00,8545 FOLSOM BLVD,3,3C        ,1116,MISSING PERSON,7000,38.54929974,-121.3882189
1/1/06 10:30,8105 PHINNEY DR,5,5B        ,1618,459 PC  BURGLARY RESIDENCE,2204,38.46449565,-121.456788
1/1/06 10:30,401 J ST,3,3M        ,732,594(B)(2)(A) VANDALISM/ -$400,2999,38.58259727,-121.500996
1/1/06 11:00,3632 52ND ST,6,6B        ,1054,459 PC  BURGLARY RESIDENCE,2204,38.54100057,-121.4458147
1/1/06 11:01,SAN FRANCISCO BLVD / 50TH ST,6,6B        ,1064,11364 HS POSS DRUG PARAPH,3599,38.53725889,-121.4477561
1/1/06 11:04,5524 DANJAC CIR,4,4A        ,1207,TOWED/STORED VEHICLE,7000,38.52545723,-121.5139339
1/1/06 11:08,2571 ALTOS AVE,2,2B        ,552,CASUALTY REPORT,7000,38.61361383,-121.454378
1/1/06 11:10,414 K ST,3,3M        ,742,484 PETTY THEFT-SHOPLIFT,2303,38.58062786,-121.5014996
1/1/06 11:30,7486 CARELLA DR,5,5A        ,1381,MISSING PERSON,7000,38.48682651,-121.5001978
1/1/06 11:30,7TH ST / J ST,3,3M        ,732,11364 HS POSS DRUG PARAPH,3599,38.58137649,-121.4974538
1/1/06 11:30,5701 LERNER WAY,5,5C        ,1605,MISSING PERSON,7000,38.48023792,-121.4360926
1/1/06 11:46,1321 E ST,3,3A        ,715,HARASSMENT - I RPT,7000,38.58472227,-121.4858505
1/1/06 11:49,1912 BOWLING GREEN DR,2,2C        ,606,O/S AGENCY -ASSISTANCE- I RPT,7000,38.60666541,-121.422421
1/1/06 12:00,3555 AUBURN BLVD,2,2A        ,509,MISSING PERSON,7000,38.63862878,-121.3815598
1/1/06 12:00,7526 TITIAN PKWY,5,5B        ,1603,10851(A)VC TAKE VEH W/O OWNER,2404,38.48420982,-121.448306
1/1/06 12:00,12 WATERGLEN CIR,3,3C        ,899,487(D)GRAND THEFT FIREARM/ANIM,2399,38.56047289,-121.3902704
1/1/06 12:00,4733 NASHUA WAY,2,2A        ,222,484G(B) PC ACCESS CARD FRAUD,2605,38.65394829,-121.462463
1/1/06 12:00,971 ACACIA AVE,2,2B        ,544,LOST PROPERTY - I RPT,7000,38.62221222,-121.4447319
1/1/06 12:00,3146 PALMER ST,2,2B        ,546,530.5 PC USE PERSONAL ID INFO,2604,38.62524321,-121.4304825
1/1/06 12:00,8178 CENTER PKWY,5,5B        ,1633,653M(A) PC OBSCENE/THREAT CALL,5309,38.46027205,-121.4304773
1/1/06 12:30,1820 FRIENZA AVE,2,2C        ,568,459 PC  BURGLARY BUSINESS,2203,38.61199425,-121.4244182
1/1/06 12:45,1689 ARDEN WAY,2,2C        ,619,647(A) PC LEWD CONDUCT,7299,38.60154457,-121.42747
1/1/06 12:45,1029 FRIENZA AVE,2,2B        ,564,TOWED/STORED VEHICLE,7000,38.61317258,-121.4424469
1/1/06 13:00,5770 FREEPORT BLVD,4,4C        ,985,GANG ACTIVITY - I RPT,7000,38.52199137,-121.4990149
1/1/06 13:10,1113 CONGRESS AVE,2,2B        ,525,11364 HS POSS DRUG PARAPH,3599,38.63070055,-121.440864
1/1/06 13:49,3421 AUBURN BLVD,2,2A        ,508,459 PC  BURGLARY-UNSPECIFIED,2299,38.6374478,-121.3846125
1/1/06 14:00,560 SANDBURG DR,3,3C        ,879,530.5 PC USE PERSONAL ID INFO,2604,38.56839814,-121.4313525
1/1/06 14:40,7608 AMHERST ST,5,5A        ,1501,HARASSMENT - I RPT,7000,38.48020103,-121.5015786
1/1/06 14:57,3801 DUCKHORN DR,1,1A        ,333,422 PC THREAT/INTENT TO TERROR,1602,38.63910642,-121.528
1/1/06 14:59,5TH ST / P ST,3,3A        ,763,CASUALTY REPORT,7000,38.57543889,-121.5029735
1/1/06 15:00,7301 MEADOWGATE DR,5,5B        ,1369,10851(A)VC TAKE VEH W/O OWNER,2404,38.49203951,-121.4613302
1/1/06 15:00,5518 SAGPOND WAY,1,1A        ,102,484J PC PUBLISH CARD INFO,2605,38.6776884,-121.5345401
1/1/06 15:13,33RD ST / 11TH AVE,6,6A        ,1041,20001(A) VC HIT/RUN INJ/DEATH,5401,38.54199544,-121.4712254
1/1/06 15:30,35 QUAY CT,4,4C        ,1265,10851(A)VC TAKE VEH W/O OWNER,2404,38.5127908,-121.5313723
1/1/06 15:30,1814 19TH ST,3,3A        ,776,484 PETTY THEFT-SHOPLIFT,2303,38.56796664,-121.4852542
1/1/06 15:30,2505 52ND AVE,4,4B        ,1346,LOST PROPERTY - I RPT,7000,38.50488174,-121.4804148
1/1/06 15:36,5770 FREEPORT BLVD,4,4C        ,985,FOUND PROPERTY - I RPT,7000,38.52199137,-121.4990149
1/1/06 15:40,1751 BELL AVE,2,2A        ,226,TOWED/STORED VEHICLE,7000,38.64823548,-121.4261249
1/1/06 16:00,3661 TRUXEL RD,1,1A        ,337,484 PC   PETTY THEFT/INSIDE,2308,38.63589608,-121.5055312
1/1/06 16:00,3904 MAY ST,2,2A        ,504,MISSING PERSON,7000,38.63869884,-121.4424398
1/1/06 16:00,1650 BAINES AVE,1,1A        ,136,459 PC  BURGLARY RESIDENCE,2204,38.66157492,-121.4969793
1/1/06 16:00,6272 MACK RD,5,5C        ,1623,487(A) PC GRAND THEFT,2303,38.47415723,-121.4296995
1/1/06 16:00,8389 FOLSOM BLVD,3,3C        ,1115,484 PC   PETTY THEFT/INSIDE,2308,38.54818818,-121.3940644
1/1/06 16:25,FOLSOM BLVD / WATT AVE,3,3C        ,1106,NON INJ HR/MAIL OUT REPORT,7000,38.5530906,-121.3751255
1/1/06 16:30,1801 BELL AVE,2,2A        ,226,TOWED/STORED VEHICLE,7000,38.64770425,-121.4242104
1/1/06 16:51,2314 Q ST,3,3B        ,767,TRAFFIC-ACCIDENT-NON INJURY,5400,38.56737967,-121.4786515
1/1/06 16:57,2340 MOSSY BANK DR,1,1B        ,444,10851(A)VC TAKE VEH W/O OWNER,2404,38.60972461,-121.4953467
1/1/06 16:57,8101 COSUMNES RIVER BLVD,5,5C        ,1639,11364 HS POSS DRUG PARAPH,3599,38.45718227,-121.4133413
1/1/06 16:59,J ST / 17TH ST,3,3M        ,736,TRAFFIC-ACCIDENT-NON INJURY,5400,38.5777553,-121.4838823
1/1/06 17:00,8200 CENTER PKWY,5,5B        ,1633,10851(A)VC TAKE VEH W/O OWNER,2404,38.45964489,-121.4291448
1/1/06 17:00,6421 SUN RIVER DR,6,6C        ,1445,484 PETTY THEFT/LICENSE PLATE,2399,38.50926564,-121.4129728
1/1/06 17:00,3715 IVY ST,2,2A        ,516,459 PC  BURGLARY RESIDENCE,2204,38.63535055,-121.4281542
1/1/06 17:00,3157 BRIDGEFORD DR,1,1C        ,416,LOST PROPERTY - I RPT,7000,38.62642643,-121.487454
1/1/06 17:30,11TH ST / F ST,3,3A        ,724,197 JUSTIFIABLE HOMI-CIVILIAN,999,38.58432423,-121.4902264
1/1/06 17:37,17TH ST / Q ST,3,3B        ,766,TRAFFIC-ACCIDENT-NON INJURY,5400,38.57001564,-121.4872296
1/1/06 17:41,FRUITRIDGE RD / 53RD ST,6,6B        ,1084,20001(A) VC HIT/RUN INJ/DEATH,5401,38.52496323,-121.4438874
1/1/06 17:41,5301 FRUITRIDGE RD,6,6B        ,1084,23153(A) VC DUI CAUSE INJURY,5404,38.52517945,-121.4443121
1/1/06 18:00,2890 GROVE AVE,2,2B        ,541,245(A)(1)AWDW/NO FIREARM/CIVIL,1315,38.62009985,-121.4590851
1/1/06 18:00,2828 CONNIE DR,2,2C        ,567,MISSING PERSON,7000,38.6176064,-121.4204494
1/1/06 18:00,3700 32ND ST,6,6A        ,1051,594(B)(1)PC  VANDALISM +$400,2999,38.54069286,-121.4728119
1/1/06 18:00,1632 BROADWAY,4,4A        ,906,594(B)(2)(A) VANDALISM/ -$400,2999,38.56108765,-121.4913716
1/1/06 18:10,1729 DIGGS PARK DR,2,2B        ,537,TRAFFIC-ACCIDENT-NON INJURY,5400,38.62764502,-121.4258496
1/1/06 18:19,5301 FRUITRIDGE RD,6,6B        ,1084,TOWED/STORED VEHICLE,7000,38.52517945,-121.4443121
1/1/06 18:23,2700 DEL PASO RD,1,1A        ,305,484 PETTY THEFT-SHOPLIFT,2303,38.65543537,-121.5223763
1/1/06 18:55,7290 FRANKLIN BLVD,5,5B        ,1369,211 PC  ROBBERY UNSPECIFIED,1299,38.49250972,-121.4579445
1/1/06 18:55,700 N 5TH ST,3,3A        ,701,1551(A) FUGITIVE FROM JUSTICE,4902,38.60057486,-121.4940223
1/1/06 19:00,321 ELEANOR AVE,2,2B        ,541,MISSING PERSON,7000,38.61712192,-121.4587997
1/1/06 19:00,321 ELEANOR AVE,2,2B        ,541,MISSING PERSON,7000,38.61712192,-121.4587997
1/1/06 19:00,7659 MASTERS ST,5,5C        ,1654,10851(A)VC TAKE VEH W/O OWNER,2404,38.44227407,-121.4127165
1/1/06 19:00,3644 DAYTON ST,2,2A        ,517,459 PC  BURGLARY VEHICLE,2299,38.63425266,-121.4177759
1/1/06 19:00,2800 BROADWAY,4,4A        ,908,484 PC   PETTY THEFT/INSIDE,2308,38.55701398,-121.4762723
1/1/06 19:11,1418 E ST,3,3A        ,725,MISCELLANEOUS I RPT (ZMISC),7000,38.58376222,-121.4848464
1/1/06 19:40,3514 37TH ST,6,6A        ,1041,459 PC  BURGLARY VEHICLE,2299,38.54242302,-121.4674602
1/1/06 19:59,227 JIBBOOM ST,3,3A        ,721,484 PC   PETTY THEFT/INSIDE,2308,38.59572389,-121.5050785
1/1/06 20:00,78 REDWOOD AVE,2,2C        ,601,10851(A)VC TAKE VEH W/O OWNER,2404,38.609884,-121.46479
1/1/06 20:00,3311 LONG BRANCH CT,1,1B        ,401,459 PC  BURGLARY VEHICLE,2299,38.62798992,-121.5092581
1/1/06 20:00,1601 ARDEN WAY,2,2C        ,618,459 PC  BURGLARY VEHICLE,2299,38.60240036,-121.4295032
1/1/06 20:00,1701 13TH ST,3,3A        ,765,TELEPEST -I RPT,7000,38.57117547,-121.4924504
1/1/06 20:05,7770 52ND AVE,6,6C        ,1445,459 PC  BURGLARY RESIDENCE,2204,38.50482198,-121.4112131
1/1/06 20:30,2621 STONECREEK DR,1,1B        ,435,THREATS - I RPT,7000,38.61328867,-121.494681
1/1/06 20:40,EL CAMINO AVE / GROVE AVE,2,2C        ,551,TOWED/STORED VEHICLE,7000,38.61112465,-121.4593596
1/1/06 20:49,3200 TRUXEL RD,1,1C        ,414,THREATS - I RPT,7000,38.62581805,-121.4971301
1/1/06 21:00,2540 VENTURE OAKS WAY,1,1B        ,442,10851(A)VC TAKE VEH W/O OWNER,2404,38.61102318,-121.5119472
1/1/06 21:00,1732 ELDRIDGE AVE,2,2B        ,556,487(A) GRAND THEFT-INSIDE,2308,38.62266231,-121.4260893
1/1/06 21:10,23RD ST / Q ST,3,3B        ,767,20001(A) VC HIT/RUN INJ/DEATH,5401,38.56788759,-121.4792459
1/1/06 21:11,NORTHGATE BLVD / ROSIN CT,1,1C        ,409,20002(A) HIT/RUN,5401,38.63659439,-121.4763493
1/1/06 21:15,5530 STOCKTON BLVD,6,6B        ,1084,12020(A)(4) PC DIRK/DAGGER,5212,38.52654807,-121.4434066
1/1/06 21:33,FRANKLIN BLVD / FLORIN RD,5,5B        ,1359,20001(A) VC HIT/RUN INJ/DEATH,5401,38.49601155,-121.4592772
1/1/06 22:00,1609 BOWLING GREEN DR,2,2C        ,606,10851(A)VC TAKE VEH W/O OWNER,2404,38.60311006,-121.4269745
1/1/06 22:00,1422 BREWERTON DR,1,1B        ,435,10851(A)VC TAKE VEH W/O OWNER,2404,38.61589867,-121.4924786
1/1/06 22:00,2000 DEL PASO BLVD,2,2C        ,603,11364 HS POSS DRUG PARAPH,3599,38.60880668,-121.4528434
1/1/06 22:00,MCGLASHAN ST / PERRY AVE,6,6B        ,1084,20002(A) HIT/RUN,5401,38.53137433,-121.4506403
1/1/06 22:00,PERRY AVE / 46TH ST,6,6B        ,1084,20002(A) HIT/RUN,5401,38.5313798,-121.4523742
1/1/06 22:00,8552 ERINBROOK WAY,3,3C        ,899,459 PC  BURGLARY VEHICLE,2299,38.56165546,-121.3880115
1/1/06 22:00,4100 NORTHGATE BLVD,1,1C        ,309,459 PC  BURGLARY VEHICLE,2299,38.64316291,-121.4745819
1/1/06 22:00,7901 34TH AVE,6,6C        ,1405,594(B)(2)(A) VANDALISM/ -$400,2999,38.52225475,-121.4114993
1/1/06 22:10,630 JESSIE AVE,2,2A        ,233,245(A)(1)AWDW/NO FIREARM/CIVIL,1315,38.64390931,-121.4507882
1/1/06 22:28,4 WAYNE CT,6,6C        ,1409,VANDALISM - I RPT,7000,38.51585237,-121.3675001
1/1/06 22:30,3800 STOCKTON BLVD,6,6A        ,1053,10851(A)VC TAKE VEH W/O OWNER,2404,38.54020494,-121.4505653
1/1/06 22:30,5907 BAMFORD DR,5,5C        ,1623,11364 HS POSS DRUG PARAPH,3599,38.47226256,-121.4336162
1/1/06 22:30,5425 RIO LINDA BLVD,2,2A        ,203,10851(A)VC TAKE VEH W/O OWNER,2404,38.66757714,-121.4538176
1/1/06 22:36,2ND ST / I ST,3,3M        ,731,243(D) PC BATT/CIVILIAN W/INJ,1315,38.5842425,-121.5036468
1/1/06 22:45,23RD ST / J ST,3,3B        ,737,245(A)(1)AWDW/NO FIREARM/CIVIL,1315,38.57562427,-121.4758978
1/1/06 22:54,2116 MABRY DR,1,1A        ,104,THREATS - I RPT,7000,38.67667622,-121.5088422
1/1/06 23:00,1906 BOWLING GREEN DR,2,2C        ,606,242 PC  BATTERY CIVILIAN,1313,38.60667473,-121.4226379
1/1/06 23:00,330 U ST,3,3A        ,782,487(A) PC GRAND THEFT,2303,38.57016732,-121.5069731
1/1/06 23:05,PRINCETON ST / GLENROSE AVE,2,2C        ,567,10851 VC AUTO THEFT LOCATE,2404,38.61472939,-121.4300065
1/1/06 23:14,INDIANA AVE / NORTHGATE BLVD,1,1C        ,429,20001(A) VC HIT/RUN INJ/DEATH,5401,38.61935446,-121.4755343
1/1/06 23:16,LEXINGTON ST / FRIENZA AVE,2,2B        ,564,10851 VC AUTO THEFT LOCATE,2404,38.61292672,-121.4415704
1/1/06 23:20,65 BRENTFORD CIR,5,5C        ,1635,10851(A)VC TAKE VEH W/O OWNER,2404,38.46292264,-121.4284026
1/1/06 23:30,VALLEY HI DR / CENTER PKWY,5,5B        ,1623,TOWED/STORED VEH-14602.6,7000,38.46377975,-121.4312631
1/1/06 23:45,34TH ST / Y ST,6,6A        ,1002,ROBBERY - I RPT,7000,38.5550754,-121.4684533
1/1/06 23:45,13TH ST / G ST,3,3A        ,725,459 PC  BURGLARY VEHICLE,2299,38.58245172,-121.4877874
1/1/06 23:59,1311 63RD ST,3,3C        ,847,459 PC  BURGLARY VEHICLE,2299,38.55645223,-121.4289124
1/2/06 0:00,4911 8TH AVE,6,6B        ,1035,POSS STOLEN VEHICLE- I RPT,7000,38.54470924,-121.4490342
1/2/06 0:00,3845 SEA FOREST WAY,5,5B        ,1618,487(A) GRAND THEFT-AUTO PARTS,2304,38.4625133,-121.4603514
1/2/06 0:00,2481 KRAMERIA AVE,1,1A        ,104,459 PC  BURGLARY RESIDENCE,2204,38.67660642,-121.5190467
1/2/06 0:00,6550 PARK RIVIERA WAY,4,4C        ,1261,594(B)(1)PC  VANDALISM +$400,2999,38.50751789,-121.5477443
1/2/06 0:01,2531 S ST,3,3B        ,778,594(B)(2)(A) VANDALISM/ -$400,2999,38.56502139,-121.4763254
1/2/06 0:01,6730 4TH AVE,6,6C        ,1111,484 PC  PETTY THEFT AUTO PART,2304,38.54783739,-121.4243203
1/2/06 0:01,200 BICENTENNIAL CIR,3,3C        ,1102,594(B)(2)(A) VANDALISM/ -$400,2999,38.55137298,-121.4061503
1/2/06 0:01,2311 RIVER PLAZA DR,1,1B        ,440,459 PC  BURGLARY VEHICLE,2299,38.60824476,-121.5192803
1/2/06 0:01,3251 SAN JOSE WAY,6,6A        ,1032,484 PC  PETTY THEFT/ OUTSIDE,2309,38.54468278,-121.4591392
1/2/06 0:02,12TH AVE / LISSETTA AVE,6,6A        ,1042,529 PC FALSE PERSONATION,2604,38.54118802,-121.459316
1/2/06 0:05,3345 MABEL ST,2,2B        ,531,11364 HS POSS DRUG PARAPH,3599,38.62769343,-121.4634451
1/2/06 0:30,1549 JANRICK AVE,5,5A        ,1501,459 PC  BURGLARY RESIDENCE,2204,38.47687825,-121.5002604
1/2/06 0:31,4108 WEYMOUTH LN,5,5B        ,1602,VANDALISM - I RPT,7000,38.48227523,-121.4584554
1/2/06 1:00,621 CLAIRE AVE,2,2A        ,203,459 PC  BURGLARY RESIDENCE,2204,38.66254563,-121.451289
1/2/06 1:30,930 43RD AVE,4,4C        ,1253,487(A) GRAND THEFT-AUTO PARTS,2304,38.51484622,-121.5249979
1/2/06 1:38,SAN JUAN RD / BANDON WAY,1,1B        ,401,496(A) RECEIVE STOLEN PROPERTY,2803,38.62743901,-121.5056249
1/2/06 1:41,24TH ST / TEEKAY WAY,5,5A        ,1504,11357(B)HS POSS -28.5GR MARIJ,3562,38.47663386,-121.4803303
1/2/06 1:56,BRUCEVILLE RD / CALVINE RD,5,5C        ,1654,TRAFFIC-ACCIDENT-NON INJURY,5400,38.44973707,-121.4180465
1/2/06 2:00,2912 CAMARILLO DR,1,1C        ,428,FOUND PROPERTY - I RPT,7000,38.61880719,-121.4796125
1/2/06 2:00,8461 TAMBOR WAY,5,5C        ,1654,594(B)(1)PC  VANDALISM +$400,2999,38.44803746,-121.4078016
1/2/06 2:19,6421 RIVERSIDE BLVD,4,4C        ,1262,459 PC  BURGLARY BUSINESS,2203,38.51042757,-121.5419071
1/2/06 3:00,7553 GREENHAVEN DR,4,4C        ,1296,459 PC  BURGLARY VEHICLE,2299,38.48243228,-121.514852
1/2/06 5:00,35TH ST / BROADWAY,6,6A        ,1013,NON INJ HR/MAIL OUT REPORT,7000,38.55155803,-121.4684935
1/2/06 6:12,15TH ST / C ST,3,3A        ,715,TOWED/STORED VEHICLE,7000,38.58612197,-121.48322
1/2/06 6:24,1595 SILICA AVE,2,2C        ,605,TOWED/STORED VEHICLE,7000,38.60879322,-121.4306804
1/2/06 6:25,ELIZA ST / LOUISE ST,3,3A        ,709,243(E)1 BATTERY NONCOHAB SPOUS,1315,38.59444259,-121.4814732
1/2/06 6:30,1240 ALDER TREE WAY,4,4C        ,1296,10851(A)VC TAKE VEH W/O OWNER,2404,38.48369463,-121.515322
1/2/06 6:30,3205 42ND ST,6,6A        ,1034,459 PC  BURGLARY VEHICLE,2299,38.5454679,-121.4573325
1/2/06 6:48,1515 NORTH AVE,2,2A        ,505,11364 HS POSS DRUG PARAPH,3599,38.64036498,-121.4321298
1/2/06 6:50,2801 L ST,3,3B        ,748,484 PETTY THEFT/LICENSE PLATE,2399,38.57201606,-121.4692575
1/2/06 7:00,2628 27TH ST,4,4A        ,908,290(A)(1)(D) FAIL TO REG-5 DAY,3699,38.55531685,-121.4792852
1/2/06 7:16,3720 CYPRESS ST,2,2A        ,513,594(B)(1)VANDALISM GRAF +$400,2999,38.6358152,-121.4446434
1/2/06 7:53,ETHAN WAY / HALLMARK DR,2,2C        ,637,TRAFFIC-ACCIDENT-NON INJURY,5400,38.59156169,-121.4200242
1/2/06 8:00,4635 POWER INN RD,6,6C        ,1134,10851(A)VC TAKE VEH W/O OWNER,2404,38.53444222,-121.4079133
1/2/06 8:20,10TH ST / K ST,3,3M        ,744,11350(A)HS POSS CNTRL SUBST,3532,38.57920289,-121.493943
1/2/06 9:38,4TH AVE / REDDING AVE,6,6C        ,1114,TOWED/STORED VEHICLE,7000,38.54867149,-121.4230827
1/2/06 9:56,ROANOKE AVE / BELDEN ST,2,2A        ,514,10851 VC AUTO THEFT LOCATE,2404,38.63482334,-121.4416684
1/2/06 10:00,212 CHRISTINE DR,2,2B        ,541,290(A)(1)(D) FAIL TO REG-5 DAY,3699,38.62073056,-121.4618489
1/2/06 10:00,2351 NORTHGATE BLVD,1,1C        ,447,242 PC  BATTERY CIVILIAN,1313,38.60930026,-121.4770641
1/2/06 10:00,3251 NORTHGATE BLVD,1,1C        ,418,459 PC  BURGLARY VEHICLE,2299,38.62630755,-121.4756162
1/2/06 10:30,346 LINDLEY DR,2,2B        ,541,MISSING PERSON,7000,38.62073678,-121.4572951
1/2/06 11:00,2743 ALBATROSS WAY,2,2C        ,567,THREATS - I RPT,7000,38.61538617,-121.4234494
1/2/06 11:00,7060 ROCK CREEK WAY,6,6C        ,1422,MISSING PERSON,7000,38.51364018,-121.4211919
1/2/06 11:03,MABEL ST / FORD RD,2,2B        ,531,20001(A) VC HIT/RUN INJ/DEATH,5401,38.62866431,-121.4631893
1/2/06 11:32,MCNAMARA WAY / BENOIT CT,5,5B        ,1618,10851 VC AUTO THEFT LOCATE,2404,38.46252937,-121.4585038
1/2/06 11:37,RIO LINDA BLVD / CARMELITA AVE,2,2B        ,523,TRAFFIC-ACCIDENT-NON INJURY,5400,38.62968232,-121.446116
1/2/06 11:38,1328 D ST,3,3A        ,715,BATTERY - I RPT,7000,38.58514056,-121.4854381
1/2/06 11:54,BETTY WAY / CAMELLIA AVE,3,3C        ,872,20002(A) HIT/RUN,5401,38.57630105,-121.4319262
1/2/06 12:00,2156 CANTALIER ST,2,2C        ,613,MISSING PERSON,7000,38.60527526,-121.4516527
1/2/06 12:00,2300 G ST,3,3B        ,727,1708 US   THEFT OF MAIL,2310,38.57848338,-121.4742082
1/2/06 12:00,3824 12TH AVE,6,6A        ,1041,HARASSMENT - I RPT,7000,38.54102578,-121.4657714
1/2/06 12:10,HAVENSIDE DR / RIVERSIDE BLVD,4,4C        ,1251,11351.5 HS POSS SALE RCK COCAI,3532,38.51348202,-121.532542
1/2/06 12:22,W ST / 16TH ST,3,3A        ,785,TOWED/STORED VEH-14602.6,7000,38.56382548,-121.491401
1/2/06 12:29,1960 JOAN WAY,2,2C        ,606,10851 VC AUTO THEFT LOCATE,2404,38.60739495,-121.4205954
1/2/06 13:00,100 CAPITOL MALL,3,3M        ,751,10851(A)VC TAKE VEH W/O OWNER,2404,38.57962095,-121.5068273
1/2/06 13:00,2305 SANDCASTLE WAY,1,1B        ,444,530.5 PC USE PERSONAL ID INFO,2604,38.6089261,-121.4935886
1/2/06 13:42,132 OLMSTEAD DR,2,2B        ,531,245(A)(1)AWDW/NO FIREARM/CIVIL,1315,38.62275189,-121.4642874
1/2/06 14:00,4780 NATOMAS BLVD,1,1A        ,145,459 PC  BURGLARY VEHICLE,2299,38.65941872,-121.5096441
1/2/06 14:00,RICHARDS BLVD / DOS RIOS ST,3,3A        ,709,487(A) PC GRAND THEFT,2303,38.59530776,-121.4839757
1/2/06 14:15,5255 MACK RD,5,5B        ,1604,20002(A) HIT/RUN,5401,38.47433302,-121.4398174
1/2/06 14:21,8775 CENTER PKWY,5,5C        ,1654,20002(A) HIT/RUN,5401,38.43840598,-121.4183343
1/2/06 14:33,8TH AVE / 44TH ST,6,6A        ,1034,215(A) PC    CARJACKING,1212,38.54454369,-121.4558291
1/2/06 15:00,1370 RESPONSE RD,2,2C        ,626,459 PC  BURGLARY VEHICLE,2299,38.59645425,-121.4382598
1/2/06 15:30,5016 12TH AVE,6,6B        ,1054,484 PC  PETTY THEFT/ OUTSIDE,2309,38.54061027,-121.4474575
1/2/06 15:39,8024 ELDER CREEK RD,6,6C        ,1445,602(K)TRESPASS:INJURE PROPERTY,5707,38.51007761,-121.4095726
1/2/06 15:59,1701 ARDEN WAY,2,2C        ,619,459 PC  BURGLARY BUSINESS,2203,38.60027317,-121.4252477
1/2/06 16:00,1690 ARDEN WAY,2,2C        ,628,459 PC  BURGLARY VEHICLE,2299,38.59808509,-121.4275537
1/2/06 16:18,DOS RIOS ST / RICHARDS BLVD,3,3A        ,709,11377(A)HS POSS AMPHETAMINES,3572,38.59530776,-121.4839757
1/2/06 16:33,65TH ST / ELVAS AVE,3,3C        ,847,TRAFFIC-ACCIDENT INJURY,5400,38.55614777,-121.4267606
1/2/06 16:40,3550 MARYSVILLE BLVD,2,2B        ,526,484 PETTY THEFT/LICENSE PLATE,2399,38.63228581,-121.4303283
1/2/06 16:44,CALVINE RD / BRUCEVILLE RD,5,5C        ,1654,TRAFFIC-ACCIDENT INJURY,5400,38.44973707,-121.4180465
1/2/06 16:49,1896 ARDEN WAY,2,2C        ,628,503 PC   EMBEZZLEMENT,2799,38.59664183,-121.423349
1/2/06 16:50,3927 MARYSVILLE BLVD,2,2A        ,505,459 PC  BURGLARY BUSINESS,2203,38.63931448,-121.4295789
1/2/06 17:00,5100 STOCKTON BLVD,6,6B        ,1084,10851(A)VC TAKE VEH W/O OWNER,2404,38.52823386,-121.4456482
1/2/06 17:00,1470 JANRICK AVE,5,5A        ,1501,242 PC  BATTERY CIVILIAN,1313,38.47602372,-121.5014051
1/2/06 17:00,5210 SHORTWAY DR,5,5C        ,1644,594(B)(2)(A) VANDALISM/ -$400,2999,38.45541339,-121.4420784
1/2/06 17:03,3RD ST / L ST,3,3M        ,742,20002(A) HIT/RUN,5401,38.58057689,-121.5036968
1/2/06 17:04,14TH ST / P ST,3,3A        ,765,TRAFFIC-ACCIDENT INJURY,5400,38.57218405,-121.4907608
1/2/06 17:15,2460 FLORIN RD,5,5A        ,1363,9.04.050 A DRINKING IN PUBLIC,7399,38.49543922,-121.4799768
1/2/06 17:45,1730 O ST,3,3B        ,766,459 PC  BURGLARY RESIDENCE,2204,38.57163324,-121.4854271
1/2/06 17:47,1421 OREGON DR,4,4A        ,964,TOWED/STORED VEHICLE,7000,38.52736754,-121.504668
1/2/06 17:50,5824 ANNRUD WAY,4,4C        ,1227,459 PC  BURGLARY RESIDENCE,2204,38.52062063,-121.5084967
1/2/06 17:51,ARCADE BLVD / CLAY ST,2,2B        ,545,TOWED/STORED VEH-14602.6,7000,38.62635393,-121.4392039
1/2/06 18:00,2415 L ST,3,3B        ,747,10851(A)VC TAKE VEH W/O OWNER,2404,38.57320247,-121.4747123
1/2/06 18:00,1831 CAPITOL AVE,3,3M        ,746,314.1 PC   INDECENT EXPOSURE,3605,38.57411723,-121.4827193
1/2/06 18:00,2668 STONECREEK DR,1,1B        ,435,10851(A)VC TAKE VEH W/O OWNER,2404,38.61421301,-121.4925571
1/2/06 18:00,3950 DEVELOPMENT DR,2,2A        ,510,THREATS - I RPT,7000,38.63939388,-121.4604896
1/2/06 18:20,1901 J ST,3,3B        ,736,459 PC  BURGLARY VEHICLE,2299,38.57725503,-121.4806992
1/2/06 18:24,GROVE AVE / ELEANOR AVE,2,2B        ,541,TOWED/STORED VEHICLE,7000,38.61692679,-121.4593506
1/2/06 18:25,3140 J ST,3,3C        ,841,459 PC  BURGLARY VEHICLE,2299,38.57218529,-121.4642683
1/2/06 18:29,113 K ST,3,3M        ,741,484 PC   PETTY THEFT/INSIDE,2308,38.58245363,-121.5052755
1/2/06 18:30,4700 FREEPORT BLVD,4,4A        ,956,487(A) PC GRAND THEFT,2303,38.53284086,-121.4959218
1/2/06 18:41,4331 STOCKTON BLVD,6,6B        ,1064,11364 HS POSS DRUG PARAPH,3599,38.53553572,-121.4468745
1/2/06 18:45,16TH ST / BROADWAY,4,4A        ,906,10851(A)VC TAKE VEH W/O OWNER,2404,38.56159185,-121.4923822
1/2/06 18:45,1701 O ST,3,3B        ,766,CASUALTY REPORT,7000,38.57240323,-121.4856804
1/2/06 18:46,NORTHGATE BLVD / W EL CAMINO AVE,1,1C        ,429,MISCELLANEOUS I RPT (ZMISC),7000,38.61124309,-121.4755625
1/2/06 18:46,SUTTERVILLE RD / FRANKLIN BLVD,4,4B        ,937,TRAFFIC-ACCIDENT INJURY,5400,38.54106323,-121.47576
1/2/06 18:55,2378 GROVE AVE,2,2C        ,602,10851(A)VC TAKE VEH W/O OWNER,2404,38.60986284,-121.4590542
1/2/06 19:00,3500 53RD ST,6,6B        ,1054,459 PC  BURGLARY RESIDENCE,2204,38.542611,-121.4443687
1/2/06 19:00,545 K ST,3,3M        ,742,459 PC  BURGLARY VEHICLE,2299,38.58052209,-121.4986248
1/2/06 19:00,211 HEMFORD CIR,5,5A        ,1502,PETTY THEFT - I RPT,7000,38.47764806,-121.4891676
1/2/06 19:01,4680 NATOMAS BLVD,1,1A        ,145,484 PC   PETTY THEFT/INSIDE,2308,38.65735092,-121.5102676
1/2/06 19:05,3555 AUBURN BLVD,2,2A        ,509,5150 WI DANGER SELF/OTHERS,7000,38.63862878,-121.3815598
1/2/06 19:11,ACACIA AVE / RIO LINDA BLVD,2,2B        ,544,TOWED/STORED VEH-14602.6,7000,38.62198839,-121.4461582
1/2/06 19:20,3555 AUBURN BLVD,2,2A        ,509,MISSING PERSON,7000,38.63862878,-121.3815598
1/2/06 19:22,1253 ACACIA AVE,2,2B        ,545,245(A)(1)AWDW/NO FIREARM/CIVIL,1315,38.62219451,-121.438211
1/2/06 19:51,HOWE AVE / FOLSOM BLVD,3,3C        ,1102,TRAFFIC-ACCIDENT-NON INJURY,5400,38.54940296,-121.4091389
1/2/06 20:02,725 SAN JUAN RD,1,1C        ,406,211 PC  ROBBERY UNSPECIFIED,1299,38.63040165,-121.4780296
1/2/06 20:25,6025 DIAS AVE,6,6B        ,1421,5150 WI DANGER SELF/OTHERS,7000,38.51332326,-121.4314836
1/2/06 20:30,3348 DRY BRANCH CT,1,1B        ,401,10851(A)VC TAKE VEH W/O OWNER,2404,38.62875561,-121.5085108
1/2/06 20:30,547 L ST,3,3M        ,742,10851(A)VC TAKE VEH W/O OWNER,2404,38.58184562,-121.5011657
1/2/06 20:32,47TH AVE / WOODBINE AVE,4,4B        ,1326,TOWED/STORED VEHICLE,7000,38.51030591,-121.4787921
1/2/06 20:52,1111 LOS ROBLES BLVD,2,2B        ,525,FAMILY DISTURBANCE - I RPT,7000,38.62982199,-121.4414625
1/2/06 20:55,700 K ST,3,3M        ,742,148.9 PC FALSE ID TO OFFICER,4803,38.57997771,-121.4978345
1/2/06 21:00,10 FIG LEAF CT,2,2A        ,212,MISSING PERSON,7000,38.65899218,-121.4600156
1/2/06 21:00,4400 TRUXEL RD,1,1A        ,307,459 PC  BURGLARY VEHICLE,2299,38.65023973,-121.5085026
1/2/06 21:00,4901 ALCOTT DR,6,6C        ,1142,10851(A)VC TAKE VEH W/O OWNER,2404,38.53114891,-121.4223993
1/2/06 21:00,2881 38TH AVE,4,4B        ,998,594(B)(2)(A) VANDALISM/ -$400,2999,38.51852,-121.475971
1/2/06 21:00,8256 VILLAGE CREEK WAY,5,5C        ,1642,10851(A)VC TAKE VEH W/O OWNER,2404,38.45790447,-121.437086
1/2/06 21:00,260 ODELL CIR,1,1A        ,116,459 PC  BURGLARY VEHICLE,2299,38.67549475,-121.4977777
1/2/06 21:05,7821 ALTA VALLEY DR,5,5C        ,1624,211 PC ROBBERY- BUSINESS,1299,38.47322263,-121.4250682
1/2/06 21:07,BELLEVIEW AVE / FRUITRIDGE RD,6,6C        ,1152,211 PC  ROBBERY UNSPECIFIED,1299,38.52507079,-121.4199387
1/2/06 21:13,1776 SOUTH AVE,2,2B        ,526,243(E)1 BATTERY NONCOHAB SPOUS,1315,38.63253761,-121.4257122
1/2/06 21:13,2224 BELL AVE,2,2A        ,237,10851 VC AUTO THEFT LOCATE,2404,38.64688728,-121.4140661
1/2/06 21:25,7293 FARM DALE WAY,4,4C        ,1289,10851(A)VC TAKE VEH W/O OWNER,2404,38.49297696,-121.5071286
1/2/06 21:29,7661 SKIROS WAY,5,5B        ,1612,PROTECTIVE CUSTODY-I RPT,7000,38.47920034,-121.4638793
1/2/06 21:36,8TH ST / L ST,3,3M        ,742,PROTECTIVE CUSTODY-I RPT,7000,38.57881567,-121.4970836
1/2/06 21:44,2660 STONECREEK DR,1,1B        ,435,211 PC  ROBBERY UNSPECIFIED,1299,38.61402379,-121.4926144
1/2/06 21:55,YREKA AVE / CANYON TREE DR,4,4B        ,1356,211 PC  ROBBERY UNSPECIFIED,1299,38.49852712,-121.4742273
1/2/06 22:00,906 12TH ST,3,3M        ,734,CASUALTY REPORT,7000,38.58053662,-121.4906312
1/2/06 22:00,1861 GLENROSE AVE,2,2C        ,567,10851(A)VC TAKE VEH W/O OWNER,2404,38.61499899,-121.423449
1/2/06 22:00,19TH ST / P ST,3,3B        ,766,10851(A)VC TAKE VEH W/O OWNER,2404,38.5704109,-121.4841033
1/2/06 22:05,19TH ST / J ST,3,3M        ,736,CASUALTY REPORT,7000,38.57704873,-121.4812324
1/2/06 22:49,2451 MEADOWVIEW RD,5,5A        ,1396,CHILD WELFARE - I RPT,7000,38.48308908,-121.4790012
1/2/06 22:54,2828 AQUINO DR,1,1B        ,422,FOUND PROPERTY - I RPT,7000,38.61733037,-121.510595
1/2/06 22:58,NORTHGATE BLVD / RIO TIERRA AVE,1,1C        ,419,TRAFFIC-ACCIDENT INJURY,5400,38.62753184,-121.4755302
1/2/06 23:00,4500 TRUXEL RD,1,1A        ,306,459 PC  BURGLARY VEHICLE,2299,38.65357208,-121.5095127
1/2/06 23:00,300 CURRAN AVE,1,1C        ,429,484 PETTY THEFT CLOUT UNLOCKED,2305,38.6208506,-121.4700175
1/2/06 23:15,18TH ST / V ST W ST ALY,3,3A        ,785,11364 HS POSS DRUG PARAPH,3599,38.56363425,-121.4885101
1/2/06 23:15,757 ALAMOS AVE,2,2B        ,543,10851(A)VC TAKE VEH W/O OWNER,2404,38.62053806,-121.4489382
1/2/06 23:30,2304 OAKMONT ST,2,2C        ,603,11350(A)HS POSS CNTRL SUBST,3532,38.60765045,-121.4504831
1/2/06 23:30,1230 J ST,3,3M        ,744,487(A) GRAND THEFT-INSIDE,2308,38.57900945,-121.489911
1/2/06 23:30,NORTHGATE BLVD / SAN JUAN RD,1,1C        ,419,459 PC  BURGLARY VEHICLE,2299,38.6296517,-121.4755286
1/2/06 23:42,4940 MACK RD,5,5B        ,1621,245(A)(1)AWDW/NO FIREARM/CIVIL,1315,38.4735803,-121.4443013
1/2/06 23:44,EDGEWATER RD / EL CAMINO AVE,2,2C        ,551,11377(A)HS POSS AMPHETAMINES,3572,38.61110308,-121.4618026
1/3/06 0:00,426 CLAIRE AVE,2,2A        ,203,CASUALTY REPORT,7000,38.66166376,-121.4558592
1/3/06 0:00,4101 INNOVATOR DR,1,1A        ,336,459 PC  BURGLARY VEHICLE,2299,38.64420903,-121.5129034
1/3/06 0:00,3962 3RD AVE,6,6A        ,1014,530.5 PC USE PERSONAL ID INFO,2604,38.54944953,-121.4614493
1/3/06 0:01,8025 WAGON TRAIL WAY,6,6C        ,1445,10851(A)VC TAKE VEH W/O OWNER,2404,38.50098733,-121.41042
1/3/06 0:01,412 ARCADE BLVD,2,2B        ,542,459 PC  BURGLARY VEHICLE,2299,38.62255411,-121.4560212
1/3/06 0:01,219 S ST,3,3A        ,772,484 PC-PETTY THEFT-COIN MACHIN,2307,38.57308322,-121.5075511
1/3/06 0:01,215 S ST,3,3A        ,772,484 PC-PETTY THEFT-COIN MACHIN,2307,38.57308322,-121.5075511
1/3/06 0:01,217 S ST,3,3A        ,772,484 PC-PETTY THEFT-COIN MACHIN,2307,38.57308322,-121.5075511
1/3/06 0:01,5720 HOLSTEIN WAY,4,4C        ,1227,459 PC  BURGLARY VEHICLE,2299,38.52186986,-121.5116968
1/3/06 0:01,1460 WOODRIDGE OAK WAY,1,1C        ,425,459 PC  BURGLARY VEHICLE,2299,38.61775373,-121.4947194
1/3/06 0:01,4782 KIT WAY,2,2A        ,222,484 PC   PETTY THEFT/INSIDE,2308,38.65467106,-121.4625907
1/3/06 0:01,1401 TIVERTON AVE,5,5A        ,1361,530.5 PC USE PERSONAL ID INFO,2604,38.49502703,-121.5030125
1/3/06 0:02,LAS PALMAS AVE / ALTOS AVE,2,2B        ,543,20002(A) HIT/RUN,5401,38.61867245,-121.4481266
1/3/06 0:02,8120 TIMBERLAKE WAY,5,5C        ,1639,TOWED/STORED VEH-14602.6,7000,38.46101961,-121.414127
1/3/06 0:05,7530 RUSH RIVER DR,4,4C        ,1292,211 PC  ROBBERY UNSPECIFIED,1299,38.48531018,-121.5356226
1/3/06 0:08,99 VILLAGE CIR,2,2A        ,238,243(E)1 BATTERY NONCOHAB SPOUS,1315,38.64336682,-121.4216859
1/3/06 0:09,JIBBOOM ST / RICHARDS BLVD,3,3A        ,721,10851 VC AUTO THEFT LOCATE,2404,38.59667389,-121.5056982
1/3/06 0:22,1ST AVE / ALHAMBRA BLVD,6,6A        ,1011,12420 PC SELL/TRANSP TEAR GAS,5299,38.55513128,-121.4728661
1/3/06 0:26,5560 MCGLASHAN ST,6,6B        ,1084,594(B)(1)PC  VANDALISM +$400,2999,38.52512948,-121.4487903
1/3/06 0:38,19TH ST / CAPITOL AVE,3,3M        ,746,10851 VC AUTO THEFT LOCATE,2404,38.57372161,-121.4826732
1/3/06 0:41,6815 24TH ST,4,4B        ,1346,MISCELLANEOUS I RPT (ZMISC),7000,38.50290045,-121.4819248
1/3/06 1:00,4918 KOKOMO DR,1,1A        ,123,487(A) GRAND THEFT-CLOUT-UNLOC,2305,38.66172026,-121.527605
1/3/06 2:00,2412 E ST,3,3B        ,728,10851(A)VC TAKE VEH W/O OWNER,2404,38.58048952,-121.4715453
1/3/06 2:00,610 BERCUT DR,3,3A        ,701,459 PC  BURGLARY BUSINESS,2203,38.60055347,-121.4985749
1/3/06 2:00,7767 LA RIVIERA DR,3,3C        ,888,459 PC  BURGLARY VEHICLE,2299,38.55463027,-121.4116414
1/3/06 2:01,23RD ST / CAPITOL AVE,3,3B        ,747,11364 HS POSS DRUG PARAPH,3599,38.5722972,-121.4773354
1/3/06 2:35,4673 DANROTH DR,2,2A        ,222,459 PC  BURGLARY VEHICLE,2299,38.65300918,-121.4618713
1/3/06 2:54,1245 27TH AVE,4,4A        ,1208,594(B)(1)PC  VANDALISM +$400,2999,38.52845688,-121.5128857
1/3/06 3:00,1470 MATHEWS WAY,5,5A        ,1371,THREATS - I RPT,7000,38.48972495,-121.5024485
1/3/06 3:05,715 L ST,3,3M        ,742,211 PC  ROBBERY UNSPECIFIED,1299,38.57905171,-121.4976906
1/3/06 3:07,6230 GREENHAVEN DR,4,4C        ,1265,10851 VC AUTO THEFT LOCATE,2404,38.51382164,-121.5269234
1/3/06 3:15,1045 GRAND AVE,2,2A        ,504,594(B)(1)PC  VANDALISM +$400,2999,38.63684482,-121.4423353
1/3/06 4:00,1824 DAWNELLE WAY,1,1A        ,106,487(A) PC GRAND THEFT,2303,38.68251335,-121.5015993
1/3/06 4:16,950 ELEANOR AVE,2,2B        ,563,BATTERY - I RPT,7000,38.61586018,-121.4445924
1/3/06 4:57,4555 FRANCIS CT,4,4A        ,956,187(A)  HOMICIDE,999,38.53402736,-121.4978746
1/3/06 4:57,4555 FRANCIS CT,4,4A        ,956,MISSING PERSON,7000,38.53402736,-121.4978746
1/3/06 5:23,2170 20TH AVE,4,4A        ,957,ACCIDENTAL FIRES/ARSON -I RPT,7000,38.53432365,-121.488409
1/3/06 5:30,3900 ROSEVILLE RD,2,2A        ,507,10851(A)VC TAKE VEH W/O OWNER,2404,38.63908268,-121.4042501
1/3/06 5:35,416 28TH ST,3,3B        ,718,5150 WI DANGER SELF/OTHERS,7000,38.57984491,-121.4669044
1/3/06 6:30,3800 DIDCOT CIR,2,2A        ,501,459 PC  BURGLARY RESIDENCE,2204,38.63535473,-121.4622882
1/3/06 6:39,TRUXEL RD / I 80 EB,1,1B        ,402,496(A) RECEIVE STOLEN PROPERTY,2803,38.63365507,-121.500334
1/3/06 7:00,8531 THYS CT,6,6C        ,1411,BUSINESS PERMITS - I RPT,7000,38.51928736,-121.3889165
1/3/06 7:27,BROADWAY / 20TH ST,4,4A        ,907,TOWED/STORED VEHICLE,7000,38.56010621,-121.4867588
1/3/06 7:30,7024 MAITA CIR,6,6C        ,1112,459 PC  BURGLARY RESIDENCE,2204,38.5404985,-121.4212258
1/3/06 7:40,3526 37TH ST,6,6A        ,1041,594(B)(2)(A) VANDALISM/ -$400,2999,38.54219716,-121.4673115
1/3/06 7:57,61ST ST / 19TH AVE,6,6B        ,1067,10851 VC AUTO THEFT LOCATE,2404,38.53494151,-121.4335978
1/3/06 8:00,7767 21ST AVE,6,6C        ,1132,10851(A)VC TAKE VEH W/O OWNER,2404,38.53243835,-121.4139778
1/3/06 8:00,5303 FRANKLIN BLVD,4,4B        ,969,FOUND PROPERTY - I RPT,7000,38.52718667,-121.4712477
1/3/06 8:00,3180 GUADALAJARA WAY,1,1B        ,353,459 PC  BURGLARY VEHICLE,2299,38.62688953,-121.5279374
1/3/06 8:00,N B ST / N 7TH ST,3,3A        ,705,TRAFFIC-ACCIDENT INJURY,5400,38.5923559,-121.4926811
1/3/06 8:00,1820 FRIENZA AVE,2,2C        ,568,459 PC  BURGLARY BUSINESS,2203,38.61199425,-121.4244182
1/3/06 8:00,48 ROSE MEAD CIR,4,4C        ,1289,484G(B) PC ACCESS CARD FRAUD,2605,38.49397262,-121.5075131
1/3/06 8:02,1671 PEBBLEWOOD DR,1,1B        ,412,484 PETTY THEFT/LICENSE PLATE,2399,38.62145778,-121.49973
1/3/06 8:02,SELMA ST / DIXIEANNE AVE,2,2C        ,604,10851 VC AUTO THEFT LOCATE,2404,38.60929375,-121.4404159
1/3/06 8:05,10TH ST / K ST,3,3M        ,744,11357(B)HS POSS -28.5GR MARIJ,3562,38.57920289,-121.493943
1/3/06 8:06,27TH ST / E ST,3,3B        ,718,TRAFFIC-ACCIDENT INJURY,5400,38.57965854,-121.4681757
1/3/06 8:06,4520 BROOKFIELD DR,5,5B        ,1603,TOWED/STORED VEHICLE,7000,38.48235122,-121.4506994
1/3/06 8:08,POCKET RD / COLEMAN RANCH WAY,4,4C        ,1294,TRAFFIC-ACCIDENT INJURY,5400,38.47704073,-121.5231254
1/3/06 8:10,BANDON WAY / DEVRI CT,1,1B        ,411,FOUND PROPERTY - I RPT,7000,38.62612259,-121.5047204
1/3/06 8:15,CENTER PKWY / LERNER WAY,5,5B        ,1605,TOWED/STORED VEH-14602.6,7000,38.4797218,-121.440072
1/3/06 8:16,14TH ST / J ST,3,3M        ,735,TOWED/STORED VEH-14602.6,7000,38.57882476,-121.4878834
1/3/06 8:21,15 BUSINESS PARK WAY,6,6C        ,1407,10851 VC AUTO THEFT LOCATE,2404,38.51839666,-121.3965716
1/3/06 8:30,780 GREG THATCH CIR,1,1A        ,102,10851(A)VC TAKE VEH W/O OWNER,2404,38.67803627,-121.5363804
1/3/06 8:30,4500 TYNEBOURNE ST,1,1A        ,304,594(B)(2)(A) VANDALISM/ -$400,2999,38.65333642,-121.5363135
1/3/06 8:43,7231 GREENHAVEN DR,4,4C        ,1287,SUSP PERS-NO CRIME - I RPT,7000,38.49417981,-121.5235386
1/3/06 8:55,3900 ROSEVILLE RD,2,2A        ,507,10851(A)VC TAKE VEH W/O OWNER,2404,38.63908268,-121.4042501
1/3/06 8:55,5TH ST / J ST,3,3M        ,732,TOWED/STORED VEH-14602.6,7000,38.58207989,-121.5000936
1/3/06 8:57,1028 LAKE GLEN WAY,4,4C        ,1225,10851 VC AUTO THEFT LOCATE,2404,38.51896869,-121.5205386
1/3/06 9:00,1701 ARDEN WAY,2,2C        ,619,10851(A)VC TAKE VEH W/O OWNER,2404,38.60027317,-121.4252477
1/3/06 9:00,10TH AVE / 34TH ST,6,6A        ,1041,20002(A) HIT/RUN,5401,38.54264475,-121.4703011
1/3/06 9:00,4969 TORONTO WAY,6,6C        ,1133,484 PETTY THEFT CLOUT UNLOCKED,2305,38.53069117,-121.4105872
1/3/06 9:00,1904 HELENA AVE,2,2C        ,567,530.5 PC USE PERSONAL ID INFO,2604,38.616307,-121.4225354
1/3/06 9:00,3916 BELDEN ST,2,2A        ,504,484G(B) PC ACCESS CARD FRAUD,2605,38.63909731,-121.4413653
1/3/06 9:00,7060 ROCK CREEK WAY,6,6C        ,1422,530.5 PC USE PERSONAL ID INFO,2604,38.51364018,-121.4211919
1/3/06 9:00,5241 9TH AVE,6,6B        ,1035,LOST PROPERTY - I RPT,7000,38.54368712,-121.4443079
1/3/06 9:11,NORTHGATE BLVD / JEFFERSON AVE,1,1C        ,449,TOWED/STORED VEH-14602.6,7000,38.60672341,-121.4755923
1/3/06 9:15,2951 LOGANSPORT DR,1,1A        ,123,459 PC  BURGLARY RESIDENCE,2204,38.66321971,-121.5276476
1/3/06 9:17,FRANKLIN BLVD / 11TH AVE,4,4A        ,937,9.04.070 URINATE/DEFECATE PUB,7399,38.54242538,-121.4757955
1/3/06 9:28,TORRANCE AVE / 32ND ST,5,5A        ,1387,TOWED/STORED VEH-14602.6,7000,38.4876828,-121.4716869
1/3/06 9:30,1800 2ND ST,3,3A        ,772,487(A) PC GRAND THEFT,2303,38.5740577,-121.5081215
1/3/06 9:40,55 QUASAR CIR,5,5A        ,1363,CASUALTY REPORT,7000,38.49442501,-121.4749039
1/3/06 9:40,H ST / 50TH ST,3,3C        ,825,TOWED/STORED VEHICLE,7000,38.56940412,-121.4417047
1/3/06 9:41,2420 S ST,3,3B        ,778,10851 VC AUTO THEFT LOCATE,2404,38.56480438,-121.4781317
1/3/06 9:41,2681 FAIRFIELD ST,2,2B        ,552,10851 VC AUTO THEFT LOCATE,2404,38.6161168,-121.4529308
1/3/06 9:49,4830 J ST,3,3C        ,845,TOWED/STORED VEHICLE,7000,38.56654113,-121.4436297
1/3/06 9:58,21ST ST / I ST J ST ALY,3,3B        ,737,TOWED/STORED VEHICLE,7000,38.57688189,-121.4783232
1/3/06 10:00,316 ROUNDTREE CT,4,4C        ,1264,487(A) GRAND THEFT-INSIDE,2308,38.50336488,-121.5391044
1/3/06 10:22,8TH ST / K ST,3,3M        ,742,TOWED/STORED VEHICLE,7000,38.57991197,-121.4966071
1/3/06 10:23,BROOKFIELD DR / TEAK CT,5,5B        ,1399,TOWED/STORED VEH-14602.6,7000,38.48155327,-121.4608538